{ 
   "id":"12f71145-a0f0-4b8b-a513-c051d0bb4159",
   "imp":[ 
      { 
         "id":"e9761ecc-f2fb-47b0-99d4-bc1a67cab07d",
         "banner":{ 
            "w":320,
            "h":480,
            "battr":[ 
               14,
               5,
               8,
               9,
               10
            ],
            "mimes":[ 
               "image/jpg",
               "image/gif",
               "image/png"
            ],
            "api":[ 
               5,
               3
            ]
         },
         "displaymanager":"appodeal",
         "displaymanagerver":"1.3.9",
         "instl":1,
         "tagid":"3",
         "bidfloor":0.000,
         "bidfloorcur":"USD"
      }
   ],
   "app":{ 
      "bundle":"1214661054",
      "storeurl":"https://itunes.apple.com/de/app/top-audio-excellent-player/id1214661054?mt=8&uo=4",
      "ver":"1.1",
      "id":"68629",
      "name":"Top Audio",
      "cat":[ 
         "IAB1-6",
         "IAB14"
      ],
      "publisher":{ 
         "id":"1582",
         "name":"Роман"
      },
      "ext":{ 
         "bcat":{ 
 
         },
         "badv":{ 
 
         },
         "packagename":"com.boom.topaudio"
      }
   },
   "device":{ 
      "ua":"Mozilla/5.0 (iPhone; CPU iPhone OS 10_1_1 like Mac OS X) AppleWebKit/602.2.14 (KHTML, like Gecko) Mobile/14B100",
      "ip":"212.41.49.81",
      "geo":{ 
         "lat":55.4792,
         "lon":37.3086,
         "ipservice":3,
         "country":"RUS",
         "city":"Troitsa",
         "zip":"142190",
         "type":2,
         "utcoffset":180,
         "ext":{ 
            "old_geo":{ 
               "lat":55.4792,
               "lon":37.3086,
               "country":"RUS",
               "zip":"142190",
               "type":2,
               "utcoffset":180
            }
         }
      },
      "carrier":"250-02",
      "language":"ru",
      "make":"Apple",
      "model":"iPhone6,2",
      "os":"ios",
      "osv":"10.1.1",
      "js":1,
      "connectiontype":2,
      "devicetype":4,
      "ifa":"10133A31-C4BF-489E-A310-B9241861E439",
      "h":568,
      "w":320,
      "hwv":"iPhone6,2"
   },
   "user":{ 
      "gender":"O",
      "geo":{ 
         "lat":55.4792,
         "lon":37.3086,
         "country":"RUS",
         "zip":"142190",
         "type":2,
         "utcoffset":180
      }
   },
   "at":2,
   "tmax":500,
   "cur":[ 
      "USD"
   ]
}
