[
   {
      "ext":{
         "udi":{
            "idfa":"1976F519-26D0-4428-9891-3133253A453F"
         }
      },
      "cur":[
         "USD"
      ],
      "site":{
         "name":"MobFox Official TestID - Banners",
         "publisher":{
            "id":"14566"
         },
         "id":"21237",
         "page":"http://www.mobfox.com",
         "domain":"http://www.mobfox.com",
         "cat":[
            "IAB1"
         ]
      },
      "at":2,
      "tmax":300,
      "bcat":[
         "IAB26",
         "IAB25",
         "IAB24"
      ],
      "id":"B93F3DF68A816CECC8EF191921E9F27F",
      "imp":[
         {
            "ext":{
               "brandsafe":0
            },
            "displaymanager":"third_party_sdk",
            "displaymanagerver":"0",
            "bidfloor":0.333333,
            "banner":{
               "battr":[
                  8,
                  10
               ],
               "topframe":0,
               "pos":0,
               "w":320,
               "btype":[
                  4
               ],
               "h":50,
               "wmax":320,
               "id":"1",
               "hmax":50
            },
            "bidfloorcur":"USD",
            "id":"1",
            "secure":0,
            "instl":0
         }
      ],
      "device":{
         "os":"iOS",
         "ifa":"1976F519-26D0-4428-9891-3133253A453F",
         "ip":"69.197.148.18",
         "js":1,
         "dnt":0,
         "ua":"Mozilla/5.0 (iPhone; CPU iPhone OS 8_0 like Mac OS X) AppleWebKit/600.1.3 (KHTML, like Gecko) Version/8.0 Mobile/12A4345d Safari/600.1.4",
         "devicetype":1,
         "geo":{
            "country":"USA",
            "lon":12.12,
            "type":1,
            "lat":280.12
         },
         "dpidmd5":"2D20AF98F011570F75A9606D41D9B300",
         "osv":"8.0",
         "model":"iPhone",
         "connectiontype":2,
         "make":"Apple",
         "dpidsha1":"7EBF6FABAB3B9CACC5BC087F8EAE55D84586705E"
      },
      "user":{
         "gender":"M",
         "yob":1982,
         "id":"b87f835ca3d57db03f21c4e11c077a93"
      }
   }
]
