[{"id":"6wmNKVdqey","at":2,"imp":[{"id":"1","banner":{"w":300,"h":50,"battr":[1,3,5,8,9],"pos":1,"api":[3,5],"btype":[1],"mimes":["image/jpeg"]},"ext":{"strictbannersize":1},"instl":0,"displaymanager":"SOMA","displaymanagerver":"sdkios_8-0-4","tagid":"130134556","secure":0}],"device":{"geo":{"lat":42.83993,"lon":-73.67516,"country":"USA","region":"NY","zip":"12188","metro":"532","city":"Waterford","type":1},"make":"Apple","model":"iPhone 6 Plus","os":"iOS","osv":"10.1","carrier":"310-120","ua":"Mozilla/5.0 (iPhone; CPU iPhone OS 10_1_1 like Mac OS X) AppleWebKit/602.2.14 (KHTML, like Gecko) Mobile/14B100 QuantcastSDK/iOS_1.5.3/1ash4s7hukmtddti-p5028vkzyy4gw2bk","ip":"66.87.124.110","js":1,"dnt":1,"connectiontype":6,"devicetype":1},"app":{"id":"130134556","name":"MeetMe - iPhone_MeetMe_iPhone_300x250_Mobile_Network_Tier3_iOS_MEDIUMRECTANGLE_300x250_IAB1,IAB14","domain":"itunes.apple.com","cat":["IAB1","IAB14"],"bundle":"372648912","publisher":{"id":"1100000773","name":"MeetMe"}},"user":{"keywords":"","customdata":"ba1ca771-2799-4816-921e-49bbe4f9aca3"},"bcat":["IAB1","IAB14-2","IAB9-3"],"badv":["whisper.sh/","zoosk.com/","fling.com/","tango.me/","hotornot.com/","pof.com/","wechat.com/","en.lovoo.com/","gotinder.com/","chatmeup.com","jaumo.com/","momo.com/","imvu.com/","tagged.com/","lavaplace.com/","chatmeup.zendesk.com","skout.com/","twoo.com/","howaboutwe.com/","badoo.com","happn.com/","meow.me/","meetmoi.com/","https://www.iamnaughty.com","mocospace.com/","http://www.grindr.com","justhookup.com/","easyroid.com/","chatmeup.pinger.com","on.com"],"ext":{"udi":{"idfatracking":0},"operaminibrowser":0,"carriername":"Sprint Nextel"},"regs":{"coppa":0}}]
