[{"app":{"cat":["IAB14"],"domain":"demo.com","id":"13000001","name":"Demo_US_480x80","publisher":{"id":"100801001","name":"Demo"}},"at":2,"bcat":["IAB25-5","AND1-6","IAB25-4","IAB25-7","IAB23-1","IAB25-6","AND1-3","IAB25-1","IAB25-3","IAB25-2","IAB9-9","IAB14-4","IAB22-1","IAB14-1","IAB22-2","IAB14-2","IAB14-3","IAB23-6","IAB13-1","IAB7-45","IAB26","IAB7-44","IAB23-7","IAB7-3","IAB8-5","IAB25","IAB23-8","IAB24","IAB23-9","IAB23","IAB23-2","IAB23-3","IAB23-4","IAB8-18","IAB23-5","IAB4","IAB7-28","IAB18-2","IAB3-11","IAB19-3","IAB17-18","IAB7-31","IAB7-30","IAB7-39","IAB23-10","IAB26-3","IAB26-4","IAB26-1","IAB26-2","IAB7-41","APL8-7","IAB7-42","APL8-6","APL8-5","APL8-4"],"device":{"connectiontype":0,"devicetype":1,"dnt":0,"ifa":"874273775852857007","didsha1":"03791cf87e352da6434e4d964f54f0f64db933aa","didmd5":"68b329da9893e34099c7d8ad5cb9c940","dpidsha1":"bfc523f83fa54a19e7b2d8bdf8acd687a09fba09","dpidmd5":"223632c428784fecaaa3e2a6aaaf6d8e","geo":{"country":"USA","lat":29.8327,"lon":-95.6627,"type":1,"zip":"77084"},"ip":"172.56.14.6","js":0,"make":"Generic","model":"Windows Phone 8","os":"Windows Phone OS","osv":"8","ua":"Windows Phone Ad Client/6.2.960.0 (Silverlight; MS_ORMMA_1_0; Windows Phone OS 8.10.15148.0; Microsoft; RM-1073_1006)"},"ext":{"carriername":"T-Mobile","coppa":0,"operaminibrowser":0,"udi":{"wpid":"874273775852857007"}},"id":"1DGXhoQYtm","imp":[{"banner":{"battr":[1,3,5,8,9],"mimes":["image/gif","image/jpeg","image/png"],"btype":[1,3],"w":320},"displaymanager":"SOMA","id":"1","instl":0}],"user":{"keywords":""}},
{"at":2,"bcat":["IAB7-28","IAB17-18","IAB26","IAB25","IAB24","IAB9-9","IAB7-42","IAB23"],"device":{"connectiontype":2,"devicetype":1,"dnt":0,"ifa":"F585B1EF-D543-4F9C-A39F-A204BD9C1E33","didsha1":"03791cf87e352da6434e4d964f54f0f64db933aa","didmd5":"68b329da9893e34099c7d8ad5cb9c940","dpisha1":"bfc523f83fa54a19e7b2d8bdf8acd687a09fba09","dpimd5":"223632c428784fecaaa3e2a6aaaf6d8e","geo":{"country":"USA","type":3},"ip":"173.209.211.199","js":0,"make":"generic web browser","ua":"Mozilla/5.0 (Macintosh; Intel Mac OS X 10.10; rv:35.0) Gecko/20100101 Firefox/35.0"},"ext":{"carriername":"WLAN","coppa":0,"operaminibrowser":0,"udi":{"atuid":"edc22bd4-aa58-f32a-63b7-8c7fcadfb1b7","idfa":"F585B1EF-D543-4F9C-A39F-A204BD9C1E33","idfatracking":1}},"id":"FxRm2MJBpS","imp":[{"banner":{"battr":[1,3,5,8,9],"btype":[1,2,3],"h":0,"w":0},"displaymanager":"SOMA","ext":{"native":{"iconsize":[80,80],"imagesize":[1200,627],"pubnsupport":["title","text","iconimage","mainimage","ctatext","rating"],"ver":"1.0"}},"id":"1","instl":0}],"site":{"domain":"example.com","id":"65837062","name":"Example","publisher":{"id":"923869874","name":"Example"}},"user":{"keywords":""}},
{"at":2,"bcat":["IAB7-28","IAB17-18","IAB26","IAB25","IAB24","IAB9-9","IAB7-42","IAB23"],"device":{"connectiontype":2,"devicetype":1,"dnt":0,"ifa":"F585B1EF-D543-4F9C-A39F-A204BD9C1E33","didsha1":"03791cf87e352da6434e4d964f54f0f64db933aa","didmd5":"68b329da9893e34099c7d8ad5cb9c940","dpisha1":"bfc523f83fa54a19e7b2d8bdf8acd687a09fba09","dpimd5":"223632c428784fecaaa3e2a6aaaf6d8e","geo":{"country":"USA","type":3},"ip":"173.209.211.199","js":0,"make":"generic web browser","ua":"Mozilla/5.0 (Macintosh; Intel Mac OS X 10.10; rv:35.0) Gecko/20100101 Firefox/35.0"},"ext":{"carriername":"WLAN","coppa":0,"operaminibrowser":0,"udi":{"atuid":"edc22bd4-aa58-f32a-63b7-8c7fcadfb1b7","idfa":"F585B1EF-D543-4F9C-A39F-A204BD9C1E33","idfatracking":1}},"id":"FxRm2MJBpS","imp":[{"banner":{"battr":[1,3,5,8,9],"btype":[1,2,3],"h":0,"w":0},"displaymanager":"SOMA","ext":{"native":{"iconsize":[80,80],"imagesize":[1200,627],"pubnsupport":["title","text","iconimage"],"ver":"1.0"}},"id":"1","instl":0}],"site":{"domain":"example.com","id":"65837062","name":"Example","publisher":{"id":"923869874","name":"Example"}},"user":{"keywords":""}},
{"app":{"cat":["IAB1-5","IAB3"],"domain":"www.smaato.com","id":"1010000000","name":"PreferredDeal_PreferedDealRTB2.0_iOS_XXLARGE_320x50_IAB1-5,IAB3","publisher":{"id":"1001000000","name":"PreferredDeal_PreferedDealRTB2.0_iOS_XXLARGE_320x50_IAB1-5,IAB3"}},"bcat":["IAB7-28","IAB17-18","IAB26","IAB25","IAB7-42","IAB9-9","IAB24","IAB23"],"device":{"connectiontype":0,"devicetype":1,"dnt":0,"ifa":"F585B1EF-D543-4F9C-A39F-A204BD9C1E33","didsha1":"03791cf87e352da6434e4d964f54f0f64db933aa","didmd5":"68b329da9893e34099c7d8ad5cb9c940","dpisha1":"bfc523f83fa54a19e7b2d8bdf8acd687a09fba09","dpimd5":"223632c428784fecaaa3e2a6aaaf6d8e","geo":{"city":"Hamburg","country":"DEU","lat":53.550003,"lon":10,"metro":"0","region":"04","type":2,"zip":"20099"},"ip":"95.90.255.47","js":0,"make":"Apple","model":"iPhone","os":"iOS","osv":"4.3.2","ua":"Mozilla/5.0 (iPhone; U; CPU iPhone OS 4_3_2 like Mac OS X; en-us) AppleWebKit/533.17.9 (KHTML, like Gecko) Version/5.0.2 Mobile/8H7 Safari/6533.18.5"},"ext":{"carriername":"unknown - probably WLAN","coppa":0,"operaminibrowser":0,"udi":{"atuid":"edc22bd4-aa58-f32a-63b7-8c7fcadfb1b7","idfa":"F585B1EF-D543-4F9C-A39F-A204BD9C1E33","idfatracking":1}},"id":"CVERBeHT9g","imp":[{"banner":{"btype":[1,3],"h":50,"mimes":["image/gif","image/jpeg","image/png"],"pos":1,"w":320},"displaymanager":"SOMA","ext":{"pmp":{"deals":[{"at":3,"bidfloor":8,"bidfloorcur":"USD","id":"83fafb25-09d2-4ace-812a-70c260cdf70b"}],"private_auction":1}},"id":"1","instl":0}],"user":{"keywords":""}},
{"app":{"cat":["IAB3"],"domain":"www.smaato.com","id":"101000000","name":"PreferredDeal_PreferredDealSingleAuctionSuccessUATestCase_iOS_XXLARGE_320x50_IAB3","publisher":{"id":"1001000000","name":"PreferredDeal_PreferredDealSingleAuctionSuccessUATestCase_iOS_XXLARGE_320x50_IAB3"}},"badv":["8anch.com"],"bcat":["IAB7-28","IAB17-18","IAB26","IAB25","IAB7-42","IAB9-9","IAB24","IAB23","IAB11"],"device":{"connectiontype":0,"devicetype":1,"dnt":0,"ifa":"F585B1EF-D543-4F9C-A39F-A204BD9C1E33","didsha1":"03791cf87e352da6434e4d964f54f0f64db933aa","didmd5":"68b329da9893e34099c7d8ad5cb9c940","dpisha1":"bfc523f83fa54a19e7b2d8bdf8acd687a09fba09","dpimd5":"223632c428784fecaaa3e2a6aaaf6d8e","geo":{"city":"Hamburg","country":"DEU","lat":53.550003,"lon":10,"metro":"0","region":"04","type":2,"zip":"20099"},"ip":"95.90.255.47","js":0,"make":"Apple","model":"iPhone","os":"iOS","osv":"4.3.2","ua":"Mozilla/5.0 (iPhone; U; CPU iPhone OS 4_3_2 like Mac OS X; en-us) AppleWebKit/533.17.9 (KHTML, like Gecko) Version/5.0.2 Mobile/8H7 Safari/6533.18.5"},"ext":{"carriername":"unknown - probably WLAN","operaminibrowser":0,"udi":{"atuid":"edc22bd4-aa58-f32a-63b7-8c7fcadfb1b7","idfa":"F585B1EF-D543-4F9C-A39F-A204BD9C1E33","idfatracking":1}},"id":"FVdBNIomFK","imp":[{"banner":{"btype":[1,3],"h":50,"mimes":["image/png","image/jpeg","image/gif"],"pos":0,"w":320},"displaymanager":"SOMA","id":"1","instl":0,"pmp":{"deals":[{"at":3,"bidfloor":8,"bidfloorcur":"USD","id":"35b58a32-d954-4472-989c-b5133655f3d3"}],"private_auction":1},"secure":0}],"regs":{"coppa":0},"user":{"keywords":""}},
{"app":{"bundle":"302000101","cat":["IAB1"],"domain":"itunes.apple.com","id":"130000001","name":"Demo_Adspace_Placement_320x50","publisher":{"id":"1001000001","name":"Demo"}},"at":2,"bcat":["IAB17-18","IAB7-42","IAB23","IAB7-28","IAB26","IAB25","IAB9-9","IAB24"],"device":{"connectiontype":0,"devicetype":1,"dnt":0,"ifa":"F585B1EF-D543-4F9C-A39F-A204BD9C1E33","didsha1":"03791cf87e352da6434e4d964f54f0f64db933aa","didmd5":"68b329da9893e34099c7d8ad5cb9c940","dpisha1":"bfc523f83fa54a19e7b2d8bdf8acd687a09fba09","dpimd5":"223632c428784fecaaa3e2a6aaaf6d8e","geo":{"city":"Shenzhen","country":"HKG","lat":22.319147,"lon":114.22968,"metro":"0","region":"30","type":3,"zip":"518019"},"ip":"210.6.191.180","js":1,"make":"Apple","model":"iPhone","os":"iOS","osv":"7.1","ua":"Mozilla/5.0 (iPhone; CPU iPhone OS 7_1_2 like Mac OS X) AppleWebKit/537.51.2 (KHTML, like Gecko) Mobile/11D257"},"ext":{"carriername":"unknown - probably WLAN","operaminibrowser":0,"udi":{"atuid":"edc22bd4-aa58-f32a-63b7-8c7fcadfb1b7","idfa":"F585B1EF-D543-4F9C-A39F-A204BD9C1E33","idfatracking":1}},"id":"BqzFJc1Ze7","imp":[{"banner":{"api":[3,5],"h":50,"mimes":["application/javascript","text/javascript"],"btype":[1,2],"pos":0,"w":320},"displaymanager":"SOMA","displaymanagerver":"adtag2210s","id":"1","instl":0,"secure":0}],"regs":{"coppa":0},"user":{"id":"0088ba87-b96f-483d-85e3-36723ad6c60d","keywords":""}},
{"app":{"cat":["IAB14"],"id":"1001000","name":"Facebook Event","publisher":{"id":"900000001","name":"Facebook Event"}},"at":2,"bcat":["IAB7-28","IAB17-18","IAB26","IAB25","IAB24","IAB9-9","IAB7-42","IAB23"],"device":{"carrier":"310-004","connectiontype":0,"devicetype":1,"dnt":0,"ifa":"F585B1EF-D543-4F9C-A39F-A204BD9C1E33","didsha1":"03791cf87e352da6434e4d964f54f0f64db933aa","didmd5":"68b329da9893e34099c7d8ad5cb9c940","dpisha1":"bfc523f83fa54a19e7b2d8bdf8acd687a09fba09","dpimd5":"223632c428784fecaaa3e2a6aaaf6d8e","geo":{"country":"USA","type":3},"ip":"46.211.129.201","js":0,"make":"Apple","model":"iPhone","os":"iOS","osv":"5.0","ua":"Mozilla/5.0 (iPhone; U; CPU iPhone OS 5_1_1 like Mac OS X; da-dk) AppleWebKit/534.46.0 (KHTML, like Gecko) CriOS/19.0.1084.60Mobile/9B206 Safari/7534.48.3"},"ext":{"carriername":"unknown - probably WLAN","coppa":0,"operaminibrowser":0,"udi":{"atuid":"edc22bd4-aa58-f32a-63b7-8c7fcadfb1b7","idfa":"F585B1EF-D543-4F9C-A39F-A204BD9C1E33","idfatracking":1}},"id":"9xMuXkrL8u","imp":[{"displaymanager":"SOMA","id":"1","instl":0,"video":{"linearity":1,"maxduration":18000,"mimes":["video/mp4","video/3gpp"],"minduration":0,"protocol":2}}],"user":{"keywords":""}},
{"app":{"cat":["IAB14"],"id":"1001000","name":"Facebook Event","publisher":{"id":"900000001","name":"Facebook Event"}},"at":2,"bcat":["IAB7-28","IAB17-18","IAB26","IAB25","IAB24","IAB9-9","IAB7-42","IAB23"],"device":{"carrier":"310-004","connectiontype":0,"devicetype":1,"dnt":0,"ifa":"F585B1EF-D543-4F9C-A39F-A204BD9C1E33","didsha1":"03791cf87e352da6434e4d964f54f0f64db933aa","didmd5":"68b329da9893e34099c7d8ad5cb9c940","dpisha1":"bfc523f83fa54a19e7b2d8bdf8acd687a09fba09","dpimd5":"223632c428784fecaaa3e2a6aaaf6d8e","geo":{"country":"USA","type":3},"ip":"46.211.129.201","js":0,"make":"Apple","model":"iPhone","os":"iOS","osv":"5.0","ua":"Mozilla/5.0 (iPhone; U; CPU iPhone OS 5_1_1 like Mac OS X; da-dk) AppleWebKit/534.46.0 (KHTML, like Gecko) CriOS/19.0.1084.60Mobile/9B206 Safari/7534.48.3"},"ext":{"carriername":"unknown - probably WLAN","coppa":0,"outstream":1,"operaminibrowser":0,"udi":{"atuid":"edc22bd4-aa58-f32a-63b7-8c7fcadfb1b7","idfa":"F585B1EF-D543-4F9C-A39F-A204BD9C1E33","idfatracking":1}},"id":"9xMuXkrL8v","imp":[{"displaymanager":"SOMA","id":"1","instl":0,"video":{"linearity":1,"maxduration":18000,"mimes":["video/mp4","video/3gpp"],"minduration":0,"protocol":2,"ext":{"rewarded":1}}}],"user":{"keywords":""}}]
