[{"id":"DxU0032U8a","at":2,"allimps":0,"imp":[{"id":"1","banner":{"w":320,"h":50,"format":[{"w":320,"h":50}],"btype":[1,3],"battr":[1,3,5,6,8,9,10,11],"pos":3,"mimes":["image/jpeg","image/png","image/gif"],"api":[]},"ext":{"strictbannersize":0},"instl":0,"displaymanager":"SOMA","tagid":"101000415","secure":0}],"device":{"geo":{"lat":53.550003,"lon":10,"ipservice":3,"country":"DEU","region":"04","zip":"20099","metro":"0","city":"Hamburg","type":2},"make":"Apple","model":"iPhone","os":"iOS","osv":"4.3.2","ua":"Mozilla/5.0 (iPhone; U; CPU iPhone OS 4_3_2 like Mac OS X; en-us) AppleWebKit/533.17.9 (KHTML, like Gecko) Version/5.0.2 Mobile/8H7 Safari/6533.18.5","ip":"95.90.255.47","js":0,"connectiontype":0,"devicetype":1},"app":{"id":"101000415","name":"OpenRTB_2_4_UATest_openRtb_2_4_iOS_XXLARGE_320x50_IAB1","domain":"example.com","cat":["IAB1"],"storeurl":"http://example.com","keywords":"","publisher":{"id":"1001028764","name":"OpenRTB_2_4_UATest_openRtb_2_4_iOS_XXLARGE_320x50_IAB1"}},"user":{"keywords":""},"bcat":["IAB17-18","IAB7-42","IAB23","IAB7-28","IAB26","IAB25","IAB9-9","IAB24"],"badv":[],"ext":{"udi":{},"operaminibrowser":0,"carriername":"unknown - probably WLAN"},"regs":{"coppa":0}},
{"id":"DxU0032U8b","at":2,"allimps":0,"imp":[{"id":"1","banner":{"w":320,"h":50,"format":[{"w":320,"h":50}],"btype":[1,3],"battr":[1,3,5,6,8,9,10,11],"pos":3,"mimes":["image/jpeg","image/png","image/gif"],"api":[]},"ext":{"strictbannersize":0},"instl":0,"displaymanager":"SOMA","tagid":"101000415","secure":0}],"device":{"geo":{"lat":53.550003,"lon":10,"ipservice":3,"country":"DEU","region":"04","zip":"20099","metro":"0","city":"Hamburg","type":2},"make":"Google","model":"Nexus One","os":"Android","osv":"2.1","ua":"Mozilla/5.0 (Linux; U; Android 2.1; en-us; Nexus One Build/ERD62) AppleWebKit/530.17 (KHTML, like Gecko) Version/4.0 Mobile Safari/530.17","ip":"95.90.255.47","js":0,"connectiontype":0,"devicetype":1},"app":{"id":"101000415","name":"OpenRTB_2_4_UATest_openRtb_2_4_iOS_XXLARGE_320x50_IAB1","domain":"example.com","cat":["IAB1"],"storeurl":"http://example.com","keywords":"","publisher":{"id":"1001028764","name":"OpenRTB_2_4_UATest_openRtb_2_4_iOS_XXLARGE_320x50_IAB1"}},"user":{"keywords":""},"bcat":["IAB17-18","IAB7-42","IAB23","IAB7-28","IAB26","IAB25","IAB9-9","IAB24"],"badv":[],"ext":{"udi":{},"operaminibrowser":0,"carriername":"unknown - probably WLAN"},"regs":{"coppa":0}},
{"id":"FxFBfjXE03","at":2,"allimps":0,"imp":[{"id":"1","native":{"request":{"ver":"1.1","plcmttype":1,"plcmtcnt":1,"seq":0,"assets":[{"id":1,"required":1,"title":{"len":140}},{"id":2,"required":1,"img":{"type":3,"wmin":200,"hmin":200}},{"id":3,"required":1,"img":{"type":1,"wmin":50,"hmin":50}},{"id":4,"required":1,"data":{"type":2}},{"id":5,"required":1,"data":{"type":12}}]},"ver":"1.1","api":[],"battr":[1,3,5,6,8,9,10,11]},"ext":{"strictbannersize":1},"instl":0,"displaymanager":"SOMA","tagid":"101000445","secure":0}],"device":{"geo":{"lat":-31.600006,"lon":-60.708298,"ipservice":3,"country":"ARG","region":"21","zip":"3000","metro":"0","city":"Santa Fe","type":2},"make":"Apple","model":"iPhone","os":"iOS","osv":"6.1","ua":"Mozilla/5.0 (iPhone; CPU iPhone OS 6_1_4 like Mac OS X) AppleWebKit/536.26 (KHTML, like Gecko) Version/6.0 Mobile/10B350 Safari/8536.25","ip":"201.252.0.0","js":0,"connectiontype":0,"devicetype":1,"didsha1":"31f455635a12252f8cedb39cd7533fc58a064bff","didmd5":"af2d48f2495881aed1737bb21017f9b6","dpidsha1":"a5ab171d2c5551c4b0552b6280b42b578e08e490","dpidmd5":"285a23d862ebbec44bd5520643e2a9eb","macsha1":"d76f4f17da290fb7b96d953a1b9a01a733cf4d9d","macmd5":"f244cddbc7f5161e9dcd758d0c3d7796"},"app":{"id":"101000445","name":"App name","domain":"play.google.com","cat":["IAB3"],"bundle":"com.ximad.snake","storeurl":"https://play.google.com/store/apps/details?id=com.ximad.snake","keywords":"","publisher":{"id":"1001028764","name":"Publisher name"}},"user":{"keywords":""},"bcat":["IAB17-18","IAB7-42","IAB23","IAB7-28","IAB26","IAB25","IAB9-9","IAB24"],"badv":[],"ext":{"udi":{"imei":"356938035643809","imeimd5":"af2d48f2495881aed1737bb21017f9b6","imeisha1":"31f455635a12252f8cedb39cd7533fc58a064bff","macmd5":"f244cddbc7f5161e9dcd758d0c3d7796","macsha1":"d76f4f17da290fb7b96d953a1b9a01a733cf4d9d","odin":"d76f4f17da290fb7b96d953a1b9a01a733cf4d9d"},"operaminibrowser":0,"carriername":"Telecom Argentina"},"regs":{"coppa":0}},
{"id":"FxAaGosSaM","at":2,"allimps":0,"imp":[{"id":"1","native":{"request":{"ver":"1.1","plcmttype":1,"plcmtcnt":1,"seq":0,"assets":[{"id":1,"required":1,"title":{"len":140}},{"id":2,"required":1,"img":{"type":3,"wmin":200,"hmin":200}},{"id":3,"required":1,"img":{"type":1,"wmin":50,"hmin":50}},{"id":4,"required":1,"data":{"type":2}},{"id":5,"required":1,"data":{"type":12}}]},"ver":"1.1","api":[],"battr":[1,3,5,6,8,9,10,11]},"ext":{"strictbannersize":1},"instl":0,"displaymanager":"SOMA","tagid":"101000445","secure":0}],"device":{"geo":{"lat":-31.600006,"lon":-60.708298,"ipservice":3,"country":"ARG","region":"21","zip":"3000","metro":"0","city":"Santa Fe","type":2},"make":"Google","model":"Nexus 6P","os":"Android","osv":"6.0","ua":"Mozilla/5.0 (Linux; Android 6.0; Nexus 6P Build/MDA83) AppleWebKit/537.36 (KHTML, like Gecko) Chrome/45.0.2454.94 Mobile Safari/537.36","ip":"201.252.0.0","js":0,"connectiontype":0,"devicetype":1,"didsha1":"31f455635a12252f8cedb39cd7533fc58a064bff","didmd5":"af2d48f2495881aed1737bb21017f9b6","dpidsha1":"a5ab171d2c5551c4b0552b6280b42b578e08e490","dpidmd5":"285a23d862ebbec44bd5520643e2a9eb","macsha1":"d76f4f17da290fb7b96d953a1b9a01a733cf4d9d","macmd5":"f244cddbc7f5161e9dcd758d0c3d7796"},"app":{"id":"101000445","name":"App name","domain":"play.google.com","cat":["IAB3"],"bundle":"com.ximad.snake","storeurl":"https://play.google.com/store/apps/details?id=com.ximad.snake","keywords":"","publisher":{"id":"1001028764","name":"Publisher name"}},"user":{"keywords":""},"bcat":["IAB17-18","IAB7-42","IAB23","IAB7-28","IAB26","IAB25","IAB9-9","IAB24"],"badv":[],"ext":{"udi":{"androidid":"3840000210b96e40","androididmd5":"285a23d862ebbec44bd5520643e2a9eb","androididsha1":"a5ab171d2c5551c4b0552b6280b42b578e08e490","imei":"356938035643809","imeimd5":"af2d48f2495881aed1737bb21017f9b6","imeisha1":"31f455635a12252f8cedb39cd7533fc58a064bff","macmd5":"f244cddbc7f5161e9dcd758d0c3d7796","macsha1":"d76f4f17da290fb7b96d953a1b9a01a733cf4d9d","odin":"d76f4f17da290fb7b96d953a1b9a01a733cf4d9d"},"operaminibrowser":0,"carriername":"Telecom Argentina"},"regs":{"coppa":0}},
{"id":"CxU0032U8a","at":2,"allimps":0,"imp":[{"id":"1","banner":{"w":320,"h":50,"format":[{"w":320,"h":50}],"btype":[1,3],"battr":[1,3,5,6,8,9],"pos":0,"mimes":["image/jpeg","image/png","image/gif"],"api":[]},"ext":{"strictbannersize":0},"pmp":{"private_auction":1,"deals":[{"id":"4bd3cdd8-2d58-4a68-8e34-632e74218029","at":2,"bidfloorcur":"USD","bidfloor":8}]},"instl":0,"displaymanager":"SOMA","tagid":"101000124","secure":0}],"device":{"geo":{"lat":53.550003,"lon":10,"ipservice":3,"country":"DEU","region":"04","zip":"20099","metro":"0","city":"Hamburg","type":2},"make":"Apple","model":"iPhone","os":"iOS","osv":"6.1","ua":"Mozilla/5.0 (iPhone; CPU iPhone OS 6_1_4 like Mac OS X) AppleWebKit/536.26 (KHTML, like Gecko) Version/6.0 Mobile/10B350 Safari/8536.25","ip":"201.252.0.0","js":0,"connectiontype":0,"devicetype":1,"didsha1":"31f455635a12252f8cedb39cd7533fc58a064bff","didmd5":"af2d48f2495881aed1737bb21017f9b6","dpidsha1":"a5ab171d2c5551c4b0552b6280b42b578e08e490","dpidmd5":"285a23d862ebbec44bd5520643e2a9eb","macsha1":"d76f4f17da290fb7b96d953a1b9a01a733cf4d9d","macmd5":"f244cddbc7f5161e9dcd758d0c3d7796"},"app":{"id":"1000049","name":"PrivateExchange_private_exchange_320x50_iOS_XXLARGE_320x50_IAB1","domain":"www.smaato.com","cat":["IAB1"],"storeurl":"www.smaato.com","keywords":"","publisher":{"id":"1001008809","name":"PrivateExchange_private_exchange_320x50_iOS_XXLARGE_320x50_IAB1"}},"user":{"keywords":""},"bcat":["IAB17-18","IAB7-42","IAB23","IAB11","IAB7-28","IAB26","IAB25","IAB9-9","IAB24"],"badv":["4chan.com"],"ext":{"udi":{"imei":"356938035643809","imeimd5":"af2d48f2495881aed1737bb21017f9b6","imeisha1":"31f455635a12252f8cedb39cd7533fc58a064bff","macmd5":"f244cddbc7f5161e9dcd758d0c3d7796","macsha1":"d76f4f17da290fb7b96d953a1b9a01a733cf4d9d","odin":"d76f4f17da290fb7b96d953a1b9a01a733cf4d9d"},"operaminibrowser":0,"carriername":"unknown - probably WLAN"},"regs":{"coppa":0}},
{"id":"CxU0032U8b","at":2,"allimps":0,"imp":[{"id":"1","banner":{"w":320,"h":50,"format":[{"w":320,"h":50}],"btype":[1,3],"battr":[1,3,5,6,8,9],"pos":0,"mimes":["image/jpeg","image/png","image/gif"],"api":[]},"ext":{"strictbannersize":0},"pmp":{"private_auction":1,"deals":[{"id":"4bd3cdd8-2d58-4a68-8e34-632e74218029","at":2,"bidfloorcur":"USD","bidfloor":8}]},"instl":0,"displaymanager":"SOMA","tagid":"101000124","secure":0}],"device":{"geo":{"lat":53.550003,"lon":10,"ipservice":3,"country":"DEU","region":"04","zip":"20099","metro":"0","city":"Hamburg","type":2},"make":"Google","model":"Nexus 6P","os":"Android","osv":"6.0","ua":"Mozilla/5.0 (Linux; Android 6.0; Nexus 6P Build/MDA83) AppleWebKit/537.36 (KHTML, like Gecko) Chrome/45.0.2454.94 Mobile Safari/537.36","ip":"201.252.0.0","js":0,"connectiontype":0,"devicetype":1,"didsha1":"31f455635a12252f8cedb39cd7533fc58a064bff","didmd5":"af2d48f2495881aed1737bb21017f9b6","dpidsha1":"a5ab171d2c5551c4b0552b6280b42b578e08e490","dpidmd5":"285a23d862ebbec44bd5520643e2a9eb","macsha1":"d76f4f17da290fb7b96d953a1b9a01a733cf4d9d","macmd5":"f244cddbc7f5161e9dcd758d0c3d7796"},"app":{"id":"1000049","name":"PrivateExchange_private_exchange_320x50_iOS_XXLARGE_320x50_IAB1","domain":"www.smaato.com","cat":["IAB1"],"storeurl":"www.smaato.com","keywords":"","publisher":{"id":"1001008809","name":"PrivateExchange_private_exchange_320x50_iOS_XXLARGE_320x50_IAB1"}},"user":{"keywords":""},"bcat":["IAB17-18","IAB7-42","IAB23","IAB11","IAB7-28","IAB26","IAB25","IAB9-9","IAB24"],"badv":["4chan.com"],"ext":{"udi":{"androidid":"3840000210b96e40","androididmd5":"285a23d862ebbec44bd5520643e2a9eb","androididsha1":"a5ab171d2c5551c4b0552b6280b42b578e08e490","imei":"356938035643809","imeimd5":"af2d48f2495881aed1737bb21017f9b6","imeisha1":"31f455635a12252f8cedb39cd7533fc58a064bff","macmd5":"f244cddbc7f5161e9dcd758d0c3d7796","macsha1":"d76f4f17da290fb7b96d953a1b9a01a733cf4d9d","odin":"d76f4f17da290fb7b96d953a1b9a01a733cf4d9d"},"operaminibrowser":0,"carriername":"unknown - probably WLAN"},"regs":{"coppa":0}},
{"app":{"cat":["IAB3"],"domain":"www.smaato.com","id":"101000000","name":"PreferredDeal_PreferredDealSingleAuctionSuccessUATestCase_iOS_XXLARGE_320x50_IAB3","publisher":{"id":"1001000000","name":"PreferredDeal_PreferredDealSingleAuctionSuccessUATestCase_iOS_XXLARGE_320x50_IAB3"}},"badv":["8anch.com"],"bcat":["IAB7-28","IAB17-18","IAB26","IAB25","IAB7-42","IAB9-9","IAB24","IAB23","IAB11"],"device":{"connectiontype":0,"devicetype":1,"dnt":0,"ifa":"F585B1EF-D543-4F9C-A39F-A204BD9C1E33","didsha1":"03791cf87e352da6434e4d964f54f0f64db933aa","didmd5":"68b329da9893e34099c7d8ad5cb9c940","dpisha1":"bfc523f83fa54a19e7b2d8bdf8acd687a09fba09","dpimd5":"223632c428784fecaaa3e2a6aaaf6d8e","geo":{"city":"Hamburg","country":"DEU","lat":53.550003,"lon":10,"metro":"0","region":"04","type":2,"zip":"20099"},"ip":"95.90.255.47","js":0,"make":"Apple","model":"iPhone","os":"iOS","osv":"4.3.2","ua":"Mozilla/5.0 (iPhone; U; CPU iPhone OS 4_3_2 like Mac OS X; en-us) AppleWebKit/533.17.9 (KHTML, like Gecko) Version/5.0.2 Mobile/8H7 Safari/6533.18.5"},"ext":{"carriername":"unknown - probably WLAN","operaminibrowser":0,"udi":{"atuid":"edc22bd4-aa58-f32a-63b7-8c7fcadfb1b7","idfa":"F585B1EF-D543-4F9C-A39F-A204BD9C1E33","idfatracking":1}},"id":"FVdBNIomFK","imp":[{"banner":{"btype":[1,3],"h":50,"mimes":["image/png","image/jpeg","image/gif"],"pos":0,"w":320},"displaymanager":"SOMA","id":"1","instl":0,"pmp":{"deals":[{"at":3,"bidfloor":8,"bidfloorcur":"USD","id":"35b58a32-d954-4472-989c-b5133655f3d3"}],"private_auction":1},"secure":0}],"regs":{"coppa":0},"user":{"keywords":""}},
{"app":{"cat":["IAB1-5","IAB3"],"domain":"www.smaato.com","id":"1010000000","name":"PreferredDeal_PreferedDealRTB2.0_iOS_XXLARGE_320x50_IAB1-5,IAB3","publisher":{"id":"1001000000","name":"PreferredDeal_PreferedDealRTB2.0_iOS_XXLARGE_320x50_IAB1-5,IAB3"}},"bcat":["IAB7-28","IAB17-18","IAB26","IAB25","IAB7-42","IAB9-9","IAB24","IAB23"],"device":{"connectiontype":0,"devicetype":1,"dnt":0,"ifa":"F585B1EF-D543-4F9C-A39F-A204BD9C1E33","didsha1":"03791cf87e352da6434e4d964f54f0f64db933aa","didmd5":"68b329da9893e34099c7d8ad5cb9c940","dpisha1":"bfc523f83fa54a19e7b2d8bdf8acd687a09fba09","dpimd5":"223632c428784fecaaa3e2a6aaaf6d8e","geo":{"city":"Hamburg","country":"DEU","lat":53.550003,"lon":10,"metro":"0","region":"04","type":2,"zip":"20099"},"ip":"95.90.255.47","js":0,"make":"Apple","model":"iPhone","os":"iOS","osv":"4.3.2","ua":"Mozilla/5.0 (iPhone; U; CPU iPhone OS 4_3_2 like Mac OS X; en-us) AppleWebKit/533.17.9 (KHTML, like Gecko) Version/5.0.2 Mobile/8H7 Safari/6533.18.5"},"ext":{"carriername":"unknown - probably WLAN","coppa":0,"operaminibrowser":0,"udi":{"atuid":"edc22bd4-aa58-f32a-63b7-8c7fcadfb1b7","idfa":"F585B1EF-D543-4F9C-A39F-A204BD9C1E33","idfatracking":1}},"id":"CVERBeHT9f","imp":[{"banner":{"btype":[1,3],"h":50,"mimes":["image/gif","image/jpeg","image/png"],"pos":1,"w":320},"displaymanager":"SOMA","ext":{"pmp":{"deals":[{"at":3,"bidfloor":8,"bidfloorcur":"USD","id":"83fafb25-09d2-4ace-812a-70c260cdf70b"}],"private_auction":1}},"id":"1","instl":0}],"user":{"keywords":""}},
{"id":"Fx8mYEu19O","at":2,"allimps":0,"imp":[{"id":"1","banner":{"w":320,"h":50,"format":[{"w":320,"h":50}],"btype":[1,2],"battr":[1,3,5,6,8,9,10,11],"pos":0,"mimes":["text/javascript","application/javascript"],"api":[]},"ext":{"strictbannersize":0},"instl":0,"displaymanager":"SOMA","tagid":"101000445","secure":0}],"device":{"geo":{"lat":-31.600006,"lon":-60.708298,"ipservice":3,"country":"ARG","region":"21","zip":"3000","metro":"0","city":"Santa Fe","type":2},"make":"Apple","model":"iPhone","os":"iOS","osv":"6.1","ua":"Mozilla/5.0 (iPhone; CPU iPhone OS 6_1_4 like Mac OS X) AppleWebKit/536.26 (KHTML, like Gecko) Version/6.0 Mobile/10B350 Safari/8536.25","ip":"201.252.0.0","js":1,"connectiontype":0,"devicetype":1,"didsha1":"31f455635a12252f8cedb39cd7533fc58a064bff","didmd5":"af2d48f2495881aed1737bb21017f9b6","dpidsha1":"a5ab171d2c5551c4b0552b6280b42b578e08e490","dpidmd5":"285a23d862ebbec44bd5520643e2a9eb","macsha1":"d76f4f17da290fb7b96d953a1b9a01a733cf4d9d","macmd5":"f244cddbc7f5161e9dcd758d0c3d7796"},"app":{"id":"101000445","name":"App name","domain":"play.google.com","cat":["IAB3"],"bundle":"com.ximad.snake","storeurl":"https://play.google.com/store/apps/details?id=com.ximad.snake","keywords":"","publisher":{"id":"1001028764","name":"Publisher name"}},"user":{"keywords":""},"bcat":["IAB17-18","IAB7-42","IAB23","IAB7-28","IAB26","IAB25","IAB9-9","IAB24"],"badv":[],"ext":{"udi":{"imei":"356938035643809","imeimd5":"af2d48f2495881aed1737bb21017f9b6","imeisha1":"31f455635a12252f8cedb39cd7533fc58a064bff","macmd5":"f244cddbc7f5161e9dcd758d0c3d7796","macsha1":"d76f4f17da290fb7b96d953a1b9a01a733cf4d9d","odin":"d76f4f17da290fb7b96d953a1b9a01a733cf4d9d"},"operaminibrowser":0,"carriername":"Telecom Argentina"},"regs":{"coppa":0}},
{"id":"FxTjuoffU4","at":2,"allimps":0,"imp":[{"id":"1","banner":{"w":320,"h":50,"format":[{"w":320,"h":50}],"btype":[1,2],"battr":[1,3,5,6,8,9,10,11],"pos":0,"mimes":["text/javascript","application/javascript"],"api":[]},"ext":{"strictbannersize":0},"instl":0,"displaymanager":"SOMA","tagid":"101000445","secure":0}],"device":{"geo":{"lat":-31.600006,"lon":-60.708298,"ipservice":3,"country":"ARG","region":"21","zip":"3000","metro":"0","city":"Santa Fe","type":2},"make":"Google","model":"Nexus 6P","os":"Android","osv":"6.0","ua":"Mozilla/5.0 (Linux; Android 6.0; Nexus 6P Build/MDA83) AppleWebKit/537.36 (KHTML, like Gecko) Chrome/45.0.2454.94 Mobile Safari/537.36","ip":"201.252.0.0","js":1,"connectiontype":0,"devicetype":1,"didsha1":"31f455635a12252f8cedb39cd7533fc58a064bff","didmd5":"af2d48f2495881aed1737bb21017f9b6","dpidsha1":"a5ab171d2c5551c4b0552b6280b42b578e08e490","dpidmd5":"285a23d862ebbec44bd5520643e2a9eb","macsha1":"d76f4f17da290fb7b96d953a1b9a01a733cf4d9d","macmd5":"f244cddbc7f5161e9dcd758d0c3d7796"},"app":{"id":"101000445","name":"App name","domain":"play.google.com","cat":["IAB3"],"bundle":"com.ximad.snake","storeurl":"https://play.google.com/store/apps/details?id=com.ximad.snake","keywords":"","publisher":{"id":"1001028764","name":"Publisher name"}},"user":{"keywords":""},"bcat":["IAB17-18","IAB7-42","IAB23","IAB7-28","IAB26","IAB25","IAB9-9","IAB24"],"badv":[],"ext":{"udi":{"androidid":"3840000210b96e40","androididmd5":"285a23d862ebbec44bd5520643e2a9eb","androididsha1":"a5ab171d2c5551c4b0552b6280b42b578e08e490","imei":"356938035643809","imeimd5":"af2d48f2495881aed1737bb21017f9b6","imeisha1":"31f455635a12252f8cedb39cd7533fc58a064bff","macmd5":"f244cddbc7f5161e9dcd758d0c3d7796","macsha1":"d76f4f17da290fb7b96d953a1b9a01a733cf4d9d","odin":"d76f4f17da290fb7b96d953a1b9a01a733cf4d9d"},"operaminibrowser":0,"carriername":"Telecom Argentina"},"regs":{"coppa":0}},
{"id":"FxU0032U8a","at":2,"imp":[{"id":"1","video":{"w":320,"h":50,"startdelay":0,"battr":[1,3,5,8,9,10,11],"pos":0,"mimes":["video/mp4","video/3gpp"],"linearity":1,"minduration":0,"maxduration":18000,"protocols":[2,5]},"ext":{"strictbannersize":1},"instl":0,"displaymanager":"SOMA","tagid":"101000445","secure":0}],"device":{"geo":{"lat":-31.600006,"lon":-60.708298,"country":"ARG","region":"21","zip":"3000","metro":"0","city":"Santa Fe","type":2},"make":"Apple","model":"iPhone","os":"iOS","osv":"6.1","ua":"Mozilla/5.0 (iPhone; CPU iPhone OS 6_1_4 like Mac OS X) AppleWebKit/536.26 (KHTML, like Gecko) Version/6.0 Mobile/10B350 Safari/8536.25","ip":"201.252.0.0","js":0,"connectiontype":0,"devicetype":1,"didsha1":"31f455635a12252f8cedb39cd7533fc58a064bff","didmd5":"af2d48f2495881aed1737bb21017f9b6","dpidsha1":"a5ab171d2c5551c4b0552b6280b42b578e08e490","dpidmd5":"285a23d862ebbec44bd5520643e2a9eb","macsha1":"d76f4f17da290fb7b96d953a1b9a01a733cf4d9d","macmd5":"f244cddbc7f5161e9dcd758d0c3d7796"},"app":{"id":"101000445","name":"App name","domain":"play.google.com","cat":["IAB3"],"bundle":"com.ximad.snake","publisher":{"id":"1001028764","name":"Publisher name"}},"user":{"keywords":""},"bcat":["IAB17-18","IAB7-42","IAB23","IAB7-28","IAB26","IAB25","IAB9-9","IAB24"],"badv":[],"ext":{"udi":{"imei":"356938035643809","imeimd5":"af2d48f2495881aed1737bb21017f9b6","imeisha1":"31f455635a12252f8cedb39cd7533fc58a064bff","macmd5":"f244cddbc7f5161e9dcd758d0c3d7796","macsha1":"d76f4f17da290fb7b96d953a1b9a01a733cf4d9d","odin":"d76f4f17da290fb7b96d953a1b9a01a733cf4d9d"},"operaminibrowser":0,"carriername":"Telecom Argentina"},"regs":{"coppa":0}},
{"id":"FxU0032U8b","at":2,"imp":[{"id":"1","video":{"w":320,"h":50,"startdelay":0,"battr":[1,3,5,8,9,10,11],"pos":0,"mimes":["video/mp4","video/3gpp"],"linearity":1,"minduration":0,"maxduration":18000,"protocols":[2,5],"ext":{"outstream":1}},"ext":{"strictbannersize":1},"instl":0,"displaymanager":"SOMA","tagid":"101000445","secure":0}],"device":{"geo":{"lat":-31.600006,"lon":-60.708298,"country":"ARG","region":"21","zip":"3000","metro":"0","city":"Santa Fe","type":2},"make":"Apple","model":"iPhone","os":"iOS","osv":"6.1","ua":"Mozilla/5.0 (iPhone; CPU iPhone OS 6_1_4 like Mac OS X) AppleWebKit/536.26 (KHTML, like Gecko) Version/6.0 Mobile/10B350 Safari/8536.25","ip":"201.252.0.0","js":0,"connectiontype":0,"devicetype":1,"didsha1":"31f455635a12252f8cedb39cd7533fc58a064bff","didmd5":"af2d48f2495881aed1737bb21017f9b6","dpidsha1":"a5ab171d2c5551c4b0552b6280b42b578e08e490","dpidmd5":"285a23d862ebbec44bd5520643e2a9eb","macsha1":"d76f4f17da290fb7b96d953a1b9a01a733cf4d9d","macmd5":"f244cddbc7f5161e9dcd758d0c3d7796"},"app":{"id":"101000445","name":"App name","domain":"play.google.com","cat":["IAB3"],"bundle":"com.ximad.snake","publisher":{"id":"1001028764","name":"Publisher name"}},"user":{"keywords":""},"bcat":["IAB17-18","IAB7-42","IAB23","IAB7-28","IAB26","IAB25","IAB9-9","IAB24"],"badv":[],"ext":{"udi":{"imei":"356938035643809","imeimd5":"af2d48f2495881aed1737bb21017f9b6","imeisha1":"31f455635a12252f8cedb39cd7533fc58a064bff","macmd5":"f244cddbc7f5161e9dcd758d0c3d7796","macsha1":"d76f4f17da290fb7b96d953a1b9a01a733cf4d9d","odin":"d76f4f17da290fb7b96d953a1b9a01a733cf4d9d"},"operaminibrowser":0,"carriername":"Telecom Argentina"},"regs":{"coppa":0}},
{"id":"FxU0032U8c","at":2,"imp":[{"id":"1","video":{"w":320,"h":50,"startdelay":0,"battr":[1,3,5,8,9,10,11],"pos":0,"mimes":["video/mp4","video/3gpp"],"linearity":1,"minduration":0,"maxduration":18000,"protocols":[2,5],"ext":{"rewarded":1}},"ext":{"strictbannersize":1},"instl":0,"displaymanager":"SOMA","tagid":"101000445","secure":0}],"device":{"geo":{"lat":-31.600006,"lon":-60.708298,"country":"ARG","region":"21","zip":"3000","metro":"0","city":"Santa Fe","type":2},"make":"Apple","model":"iPhone","os":"iOS","osv":"6.1","ua":"Mozilla/5.0 (iPhone; CPU iPhone OS 6_1_4 like Mac OS X) AppleWebKit/536.26 (KHTML, like Gecko) Version/6.0 Mobile/10B350 Safari/8536.25","ip":"201.252.0.0","js":0,"connectiontype":0,"devicetype":1,"didsha1":"31f455635a12252f8cedb39cd7533fc58a064bff","didmd5":"af2d48f2495881aed1737bb21017f9b6","dpidsha1":"a5ab171d2c5551c4b0552b6280b42b578e08e490","dpidmd5":"285a23d862ebbec44bd5520643e2a9eb","macsha1":"d76f4f17da290fb7b96d953a1b9a01a733cf4d9d","macmd5":"f244cddbc7f5161e9dcd758d0c3d7796"},"app":{"id":"101000445","name":"App name","domain":"play.google.com","cat":["IAB3"],"bundle":"com.ximad.snake","publisher":{"id":"1001028764","name":"Publisher name"}},"user":{"keywords":""},"bcat":["IAB17-18","IAB7-42","IAB23","IAB7-28","IAB26","IAB25","IAB9-9","IAB24"],"badv":[],"ext":{"udi":{"imei":"356938035643809","imeimd5":"af2d48f2495881aed1737bb21017f9b6","imeisha1":"31f455635a12252f8cedb39cd7533fc58a064bff","macmd5":"f244cddbc7f5161e9dcd758d0c3d7796","macsha1":"d76f4f17da290fb7b96d953a1b9a01a733cf4d9d","odin":"d76f4f17da290fb7b96d953a1b9a01a733cf4d9d"},"operaminibrowser":0,"carriername":"Telecom Argentina"},"regs":{"coppa":0}},
{"id":"FxlYjsHZs1","at":2,"allimps":0,"imp":[{"id":"1","video":{"w":320,"h":50,"startdelay":0,"battr":[1,3,5,8,9,10,11],"mimes":["video/mp4","video/3gpp"],"linearity":1,"minduration":0,"maxduration":18000,"protocols":[2,5],"pos":0},"ext":{"strictbannersize":1},"instl":0,"displaymanager":"SOMA","tagid":"101000445","secure":0,"didsha1":"31f455635a12252f8cedb39cd7533fc58a064bff","didmd5":"af2d48f2495881aed1737bb21017f9b6","dpidsha1":"a5ab171d2c5551c4b0552b6280b42b578e08e490","dpidmd5":"285a23d862ebbec44bd5520643e2a9eb","macsha1":"d76f4f17da290fb7b96d953a1b9a01a733cf4d9d","macmd5":"f244cddbc7f5161e9dcd758d0c3d7796"}],"device":{"geo":{"lat":-31.600006,"lon":-60.708298,"ipservice":3,"country":"ARG","region":"21","zip":"3000","metro":"0","city":"Santa Fe","type":2},"make":"Google","model":"Nexus 6P","os":"Android","osv":"6.0","ua":"Mozilla/5.0 (Linux; Android 6.0; Nexus 6P Build/MDA83) AppleWebKit/537.36 (KHTML, like Gecko) Chrome/45.0.2454.94 Mobile Safari/537.36","ip":"201.252.0.0","js":0,"connectiontype":0,"devicetype":1},"app":{"id":"101000445","name":"App name","domain":"play.google.com","cat":["IAB3"],"bundle":"com.ximad.snake","storeurl":"https://play.google.com/store/apps/details?id=com.ximad.snake","keywords":"","publisher":{"id":"1001028764","name":"Publisher name"}},"user":{"keywords":""},"bcat":["IAB17-18","IAB7-42","IAB23","IAB7-28","IAB26","IAB25","IAB9-9","IAB24"],"badv":[],"ext":{"udi":{"androidid":"3840000210b96e40","androididmd5":"285a23d862ebbec44bd5520643e2a9eb","androididsha1":"a5ab171d2c5551c4b0552b6280b42b578e08e490","imei":"356938035643809","imeimd5":"af2d48f2495881aed1737bb21017f9b6","imeisha1":"31f455635a12252f8cedb39cd7533fc58a064bff","macmd5":"f244cddbc7f5161e9dcd758d0c3d7796","macsha1":"d76f4f17da290fb7b96d953a1b9a01a733cf4d9d","odin":"d76f4f17da290fb7b96d953a1b9a01a733cf4d9d"},"operaminibrowser":0,"carriername":"Telecom Argentina"},"regs":{"coppa":0}},
{"id":"FxlYjsHZs2","at":2,"allimps":0,"imp":[{"id":"1","video":{"w":320,"h":50,"startdelay":0,"battr":[1,3,5,8,9,10,11],"mimes":["video/mp4","video/3gpp"],"linearity":1,"minduration":0,"maxduration":18000,"protocols":[2,5],"pos":0,"ext":{"outstream":1}},"ext":{"strictbannersize":1},"instl":0,"displaymanager":"SOMA","tagid":"101000445","secure":0,"didsha1":"31f455635a12252f8cedb39cd7533fc58a064bff","didmd5":"af2d48f2495881aed1737bb21017f9b6","dpidsha1":"a5ab171d2c5551c4b0552b6280b42b578e08e490","dpidmd5":"285a23d862ebbec44bd5520643e2a9eb","macsha1":"d76f4f17da290fb7b96d953a1b9a01a733cf4d9d","macmd5":"f244cddbc7f5161e9dcd758d0c3d7796"}],"device":{"geo":{"lat":-31.600006,"lon":-60.708298,"ipservice":3,"country":"ARG","region":"21","zip":"3000","metro":"0","city":"Santa Fe","type":2},"make":"Google","model":"Nexus 6P","os":"Android","osv":"6.0","ua":"Mozilla/5.0 (Linux; Android 6.0; Nexus 6P Build/MDA83) AppleWebKit/537.36 (KHTML, like Gecko) Chrome/45.0.2454.94 Mobile Safari/537.36","ip":"201.252.0.0","js":0,"connectiontype":0,"devicetype":1},"app":{"id":"101000445","name":"App name","domain":"play.google.com","cat":["IAB3"],"bundle":"com.ximad.snake","storeurl":"https://play.google.com/store/apps/details?id=com.ximad.snake","keywords":"","publisher":{"id":"1001028764","name":"Publisher name"}},"user":{"keywords":""},"bcat":["IAB17-18","IAB7-42","IAB23","IAB7-28","IAB26","IAB25","IAB9-9","IAB24"],"badv":[],"ext":{"udi":{"androidid":"3840000210b96e40","androididmd5":"285a23d862ebbec44bd5520643e2a9eb","androididsha1":"a5ab171d2c5551c4b0552b6280b42b578e08e490","imei":"356938035643809","imeimd5":"af2d48f2495881aed1737bb21017f9b6","imeisha1":"31f455635a12252f8cedb39cd7533fc58a064bff","macmd5":"f244cddbc7f5161e9dcd758d0c3d7796","macsha1":"d76f4f17da290fb7b96d953a1b9a01a733cf4d9d","odin":"d76f4f17da290fb7b96d953a1b9a01a733cf4d9d"},"operaminibrowser":0,"carriername":"Telecom Argentina"},"regs":{"coppa":0}},
{"id":"FxlYjsHZs3","at":2,"allimps":0,"imp":[{"id":"1","video":{"w":320,"h":50,"startdelay":0,"battr":[1,3,5,8,9,10,11],"mimes":["video/mp4","video/3gpp"],"linearity":1,"minduration":0,"maxduration":18000,"protocols":[2,5],"pos":0,"ext":{"rewarded":1}},"ext":{"strictbannersize":1},"instl":0,"displaymanager":"SOMA","tagid":"101000445","secure":0,"didsha1":"31f455635a12252f8cedb39cd7533fc58a064bff","didmd5":"af2d48f2495881aed1737bb21017f9b6","dpidsha1":"a5ab171d2c5551c4b0552b6280b42b578e08e490","dpidmd5":"285a23d862ebbec44bd5520643e2a9eb","macsha1":"d76f4f17da290fb7b96d953a1b9a01a733cf4d9d","macmd5":"f244cddbc7f5161e9dcd758d0c3d7796"}],"device":{"geo":{"lat":-31.600006,"lon":-60.708298,"ipservice":3,"country":"ARG","region":"21","zip":"3000","metro":"0","city":"Santa Fe","type":2},"make":"Google","model":"Nexus 6P","os":"Android","osv":"6.0","ua":"Mozilla/5.0 (Linux; Android 6.0; Nexus 6P Build/MDA83) AppleWebKit/537.36 (KHTML, like Gecko) Chrome/45.0.2454.94 Mobile Safari/537.36","ip":"201.252.0.0","js":0,"connectiontype":0,"devicetype":1},"app":{"id":"101000445","name":"App name","domain":"play.google.com","cat":["IAB3"],"bundle":"com.ximad.snake","storeurl":"https://play.google.com/store/apps/details?id=com.ximad.snake","keywords":"","publisher":{"id":"1001028764","name":"Publisher name"}},"user":{"keywords":""},"bcat":["IAB17-18","IAB7-42","IAB23","IAB7-28","IAB26","IAB25","IAB9-9","IAB24"],"badv":[],"ext":{"udi":{"androidid":"3840000210b96e40","androididmd5":"285a23d862ebbec44bd5520643e2a9eb","androididsha1":"a5ab171d2c5551c4b0552b6280b42b578e08e490","imei":"356938035643809","imeimd5":"af2d48f2495881aed1737bb21017f9b6","imeisha1":"31f455635a12252f8cedb39cd7533fc58a064bff","macmd5":"f244cddbc7f5161e9dcd758d0c3d7796","macsha1":"d76f4f17da290fb7b96d953a1b9a01a733cf4d9d","odin":"d76f4f17da290fb7b96d953a1b9a01a733cf4d9d"},"operaminibrowser":0,"carriername":"Telecom Argentina"},"regs":{"coppa":0}}]
