[{"id":"9-B87DB7F6AB182193BC6B5CA01D38888D-96","tmax":285,"cur":["USD"],"imp":[{"id":"33f7df5006a9","instl":0,"secure":0,"banner":{"w":320,"h":50,"btype":[4],"api":[3],"battr":[8,10]},"bidfloor":0.09,"displaymanager":"third_party_sdk","displaymanagerver":"3.0"}],"device":{"dnt":0,"devicetype":4,"geo":{"country":"ISR","type":2,"lat":32.0667,"lon":34.7667,"city":"Tel Aviv"},"connectiontype":2,"model":"iPhone","make":"Apple","carrier":"Bezeq International","os":"iphone","osv":"10.0","js":1,"ua":"Mozilla/5.0 (iPhone; CPU iPhone OS 10_0_2 like Mac OS X) AppleWebKit/602.1.50 (KHTML, like Gecko) Mobile/14A456","ip":"79.180.247.30"},"ext":{"partnerid":9},"at":2,"bcat":["IAB26","IAB25","IAB24"],"user":{"id":"B87DB7F6AB182193BC6B5CA01D38888D"},"app":{"id":"805cc5fce674","storeurl":"https://itunes.apple.com/us/app/imusic-be/id386519388?mt=8","domain":"247apps.net","name":"","bundle":"386519388","cat":["IAB19"],"publisher":{"id":"17770"}}},
{"id":"146-ADM-558511.51504-1484114457.532-6333466.66.108.201-778","tmax":60,"cur":["USD"],"imp":[{"id":"c633e632b8bb","instl":0,"secure":0,"banner":{"w":300,"h":250,"battr":[1,2,6,7,8,9,14]},"tagid":"308233.407012","bidfloor":0.059}],"device":{"dnt":0,"devicetype":2,"geo":{"country":"USA","type":2,"lat":43.1206,"lon":-77.7295,"region":"NY","city":"ROCHESTER","metro":"538","zip":"14624"},"connectiontype":2,"language":"en","model":"Unknown","make":"Unknown","carrier":"Time Warner Cable","os":"linux","ua":"Mozilla\/5.0 (X11; CrOS x86_64 8872.76.0) AppleWebKit\/537.36 (KHTML, like Gecko) Chrome\/55.0.2883.105 Safari\/537.36","ip":"66.66.108.201"},"ext":{"partnerid":146},"at":2,"badv":["visitsouthwalton.com"],"bcat":["IAB26","IAB25"],"user":{"id":"ADM-558511.51504-1484114457.532-6333466.66.108.201"},"site":{"id":"ea8234f62dad","name":"shmoop.com","domain":"shmoop.com","page":"http:\/\/shmoop.com\/wtf\/43E694C7365A4D90BBF3DC7B6968C7EC\/","pagecat":["IAB19"],"keywords":"","publisher":{"id":"558511.51504"}}},
{"id":"146-ADM-558886-1484114457.579-18724165.206.129.98-310","tmax":60,"cur":["USD"],"imp":[{"id":"e59b5350b824","instl":0,"secure":0,"banner":{"w":300,"h":250,"battr":[1,6]},"tagid":"404974","bidfloor":0.059}],"device":{"dnt":0,"devicetype":2,"geo":{"country":"USA","type":2,"lat":41.5884,"lon":-93.6192,"region":"IA","city":"DES MOINES","metro":"679","zip":"50309"},"connectiontype":2,"language":"en","carrier":"Iowa Communications Network","os":"windows","osv":"7","ua":"Mozilla\/5.0 (Windows NT 6.1; Trident\/7.0; rv:11.0) like Gecko","ip":"165.206.129.98"},"ext":{"partnerid":146},"at":2,"user":{"id":"ADM-558886-1484114457.579-18724165.206.129.98"},"site":{"id":"a8a83f160b2b","name":"hellowonderful.co","domain":"hellowonderful.co","page":"http:\/\/www.hellowonderful.co\/post\/KID-MADE-WATERCOLOR-SHAMROCK-CLOVER-CARDS#_a5y_p=5057133","pagecat":["IAB19-22"],"keywords":"","publisher":{"id":"558886"}}}]

